substitution,"4-Aminobiphenyl 300 µM + rat S9"
A[C>A]A,0.00483165426221388
A[C>A]C,0.0326019078193055
A[C>A]G,0.0110475988495532
A[C>A]T,0.0377882397107678
C[C>A]A,0.0744731091716556
C[C>A]C,0.0603430859348193
C[C>A]G,0.0104595694226408
C[C>A]T,0.0344025541920266
G[C>A]A,0.0686835687624573
G[C>A]C,0.013682346952541
G[C>A]G,0.00273608456848731
G[C>A]T,0
T[C>A]A,0.00260898640658969
T[C>A]C,0.00108231193373707
T[C>A]G,0.00260791745653168
T[C>A]T,0.000272796054804642
A[C>G]A,0.00379391754589591
A[C>G]C,0.00116494177322139
A[C>G]G,0.003676653724532
A[C>G]T,0.000714165533757763
C[C>G]A,0.0110508056997272
C[C>G]C,0.00856827608500034
C[C>G]G,0.00120951699064049
C[C>G]T,0.00506201299971545
G[C>G]A,0.000660183555828162
G[C>G]C,0.00787923087760586
G[C>G]G,0
G[C>G]T,0.00312935129482989
T[C>G]A,0.000735972114941207
T[C>G]C,0.00018653178512308
T[C>G]G,0.00219113382891283
T[C>G]T,0
A[C>T]A,0.0186243168607417
A[C>T]C,0.0341778608898325
A[C>T]G,0.000466169120298998
A[C>T]T,0.0160829949928241
C[C>T]A,0.0131440237033262
C[C>T]C,0.00512230178298732
C[C>T]G,0.00425837634610208
C[C>T]T,0.024504718024871
G[C>T]A,0.0412903338908264
G[C>T]C,0.000909142024339138
G[C>T]G,0.001757674580389
G[C>T]T,0.00123271320689935
T[C>T]A,0.0307504863188289
T[C>T]C,0.0104684417081223
T[C>T]G,0
T[C>T]T,0.0243034347289474
A[T>A]A,0.0355663201201842
A[T>A]C,0.0113709562421018
A[T>A]G,0.0109531036644249
A[T>A]T,0.0109508588693031
C[T>A]A,0.00525207232002996
C[T>A]C,0.00731279424186534
C[T>A]G,0.00775020860560382
C[T>A]T,0.00715501721330278
G[T>A]A,0.0353634333991735
G[T>A]C,0.0101539566010552
G[T>A]G,0.00765101004022031
G[T>A]T,0.00442919456537239
T[T>A]A,0.00199220222311681
T[T>A]C,0
T[T>A]G,0.0143316272177774
T[T>A]T,0.0315438610518853
A[T>C]A,0.0101880561079058
A[T>C]C,0.0186080688198599
A[T>C]G,0.0353116962163657
A[T>C]T,0.016066426266925
C[T>C]A,0.00262266896733224
C[T>C]C,0.000678676391831768
C[T>C]G,0.00576142702267264
C[T>C]T,0.00565838023708029
G[T>C]A,0.000501123787195988
G[T>C]C,0.000663283510996396
G[T>C]G,0.000609301533066794
G[T>C]T,0.000446072859208374
T[T>C]A,0.017360069627131
T[T>C]C,0.000616891078478679
T[T>C]G,0
T[T>C]T,0.0210802296190241
A[T>G]A,0.00735469708413941
A[T>G]C,0
A[T>G]G,0
A[T>G]T,0
C[T>G]A,0.00131534304638367
C[T>G]C,0
C[T>G]G,0
C[T>G]T,0.000617853133530889
G[T>G]A,0.00251513259149625
G[T>G]C,0
G[T>G]G,0.00488478108009707
G[T>G]T,0.000630039164192225
T[T>G]A,0.0057839818688967
T[T>G]C,0.00358846534474601
T[T>G]G,0.0005918776471212
T[T>G]T,0.0000314271317055504