substitution,"Aflatoxin B1 0.25 µM + rat S9"
A[C>A]A,0.0379396506608179
A[C>A]C,0.0558337365394786
A[C>A]G,0.0407429571731923
A[C>A]T,0.00443339222018431
C[C>A]A,0.0426847765357676
C[C>A]C,0.115200684137683
C[C>A]G,0.0305643653642438
C[C>A]T,0.0231091660257851
G[C>A]A,0.0215172002345064
G[C>A]C,0.0516929031967683
G[C>A]G,0.0250480000936923
G[C>A]T,0.0445523079887174
T[C>A]A,0.000314604130407775
T[C>A]C,0.0932330488653699
T[C>A]G,0.00514297379898725
T[C>A]T,0.00368098314479667
A[C>G]A,0.0348850053011944
A[C>G]C,0.0011044442081724
A[C>G]G,0.0015076886264177
A[C>G]T,0.00284245980013682
C[C>G]A,0.0150550706492947
C[C>G]C,0.0531210222383785
C[C>G]G,0.000973091242775874
C[C>G]T,0
G[C>G]A,0.00613363235269465
G[C>G]C,0.0233117067871134
G[C>G]G,0.0100739916765392
G[C>G]T,0
T[C>G]A,0.00346696048089882
T[C>G]C,0.0746983876423498
T[C>G]G,0.0105897587399668
T[C>G]T,0.0226148701201627
A[C>T]A,0.000116541311081712
A[C>T]C,0.000676169242325324
A[C>T]G,0
A[C>T]T,0.00897287722011197
C[C>T]A,0.0070583847856524
C[C>T]C,0.0187555730284597
C[C>T]G,0.000786051049916653
C[C>T]T,0.000796499581255013
G[C>T]A,0.0121884988537617
G[C>T]C,0.00654560301689286
G[C>T]G,0.00200037706568039
G[C>T]T,0.001563146215829
T[C>T]A,0.0000726804432657378
T[C>T]C,0.00208465423054145
T[C>T]G,0.0000507500093577506
T[C>T]T,0.00100650357925349
A[T>A]A,0.00775418808137178
A[T>A]C,0
A[T>A]G,0.00226939804288674
A[T>A]T,0
C[T>A]A,0.00363321843010702
C[T>A]C,0.00373494808687391
C[T>A]G,0.00505927072925467
C[T>A]T,0.00585634440563817
G[T>A]A,0
G[T>A]C,0.00291755144294218
G[T>A]G,0.00142031134786284
G[T>A]T,0.000553083246778924
T[T>A]A,0.000034216069657488
T[T>A]C,0.00341081397733335
T[T>A]G,0
T[T>A]T,0.00613891402787668
A[T>C]A,0.00287908706933393
A[T>C]C,0.00051014093116852
A[T>C]G,0.00399397980884469
A[T>C]T,0
C[T>C]A,0.000692014267871409
C[T>C]C,0
C[T>C]G,0.000350198028373618
C[T>C]T,0.00031322630209942
G[T>C]A,0.000692703182025587
G[T>C]C,0
G[T>C]G,0.00203172265969547
G[T>C]T,0.00316073813936687
T[T>C]A,0.00249823236109941
T[T>C]C,0.00320058034128348
T[T>C]G,0.0000553427703856013
T[T>C]T,0.000566057796682603
A[T>G]A,0.00129963655185606
A[T>G]C,0
A[T>G]G,0
A[T>G]T,0
C[T>G]A,0
C[T>G]C,0
C[T>G]G,0
C[T>G]T,0.00536377078540117
G[T>G]A,0
G[T>G]C,0
G[T>G]G,0
G[T>G]T,0
T[T>G]A,0.0100465499293978
T[T>G]C,0
T[T>G]G,0
T[T>G]T,0.00082061157665123