substitution,"Carboplatin 5 µM "
A[C>A]A,0.00194170922837543
A[C>A]C,0.0575260347507623
A[C>A]G,0.000445546019106053
A[C>A]T,0.0344624926500719
C[C>A]A,0.000668108202467074
C[C>A]C,0.0126720596475084
C[C>A]G,0
C[C>A]T,0.0291782746982357
G[C>A]A,0
G[C>A]C,0.0693276633268753
G[C>A]G,0.00016240644324197
G[C>A]T,0
T[C>A]A,0.00188464560573914
T[C>A]C,0.0063890877487424
T[C>A]G,0.000453627689799617
T[C>A]T,0
A[C>G]A,0.0118704984655016
A[C>G]C,0.00494682576922923
A[C>G]G,0.00598268512595214
A[C>G]T,0.00573011534792892
C[C>G]A,0.00308298168110135
C[C>G]C,0.000699732131267977
C[C>G]G,0
C[C>G]T,0.000958556419654033
G[C>G]A,0.00893846833787652
G[C>G]C,0.00672739351151473
G[C>G]G,0
G[C>G]T,0.0167374913833578
T[C>G]A,0.00581177535963259
T[C>G]C,0.00122419742158162
T[C>G]G,0.00265774525182521
T[C>G]T,0.0239624347080068
A[C>T]A,0.000339430169129691
A[C>T]C,0.000185456773567961
A[C>T]G,0.000659183227005486
A[C>T]T,0.0000222773009553027
C[C>T]A,0.059206460051845
C[C>T]C,0.150574877346592
C[C>T]G,0.00743302877615887
C[C>T]T,0.12177496538761
G[C>T]A,0.0157553927055965
G[C>T]C,0.0136509959323897
G[C>T]G,0
G[C>T]T,0.0140658316028602
T[C>T]A,0.00724771255338558
T[C>T]C,0.0198118291905869
T[C>T]G,0.00134443862642238
T[C>T]T,0.0294812319361483
A[T>A]A,0.000433669476956381
A[T>A]C,0.0221353446526853
A[T>A]G,0.00115905212825176
A[T>A]T,0.005580920679386
C[T>A]A,0.0165109235023487
C[T>A]C,0.0459829493614461
C[T>A]G,0.0270993176188643
C[T>A]T,0.0425707274438287
G[T>A]A,0.00422460551081394
G[T>A]C,0.0106572640059043
G[T>A]G,0.00245507100591009
G[T>A]T,0.0000796923005782752
T[T>A]A,0.000259245940770068
T[T>A]C,0.000938176554426784
T[T>A]G,0.000121576437390138
T[T>A]T,0.00559125116279429
A[T>C]A,0.00131604736589891
A[T>C]C,0.00108301414833492
A[T>C]G,0.00314489430615378
A[T>C]T,0.000114689448451274
C[T>C]A,0.00304503296654027
C[T>C]C,0.00712719024695548
C[T>C]G,0
C[T>C]T,0.00703969737727298
G[T>C]A,0.00415355708410791
G[T>C]C,0.000749276286389391
G[T>C]G,0
G[T>C]T,0.00103515660274955
T[T>C]A,0.00290321721471755
T[T>C]C,0.000471899293106806
T[T>C]G,0.0000871414926958212
T[T>C]T,0.00150143386406953
A[T>G]A,0.000454541269964977
A[T>G]C,0.000580896434373917
A[T>G]G,0.00374848969386702
A[T>G]T,0.00350252580319333
C[T>G]A,0.00246385543057701
C[T>G]C,0.00518808120828145
C[T>G]G,0
C[T>G]T,0
G[T>G]A,0
G[T>G]C,0.0017069894012754
G[T>G]G,0.00420436619638137
G[T>G]T,0
T[T>G]A,0
T[T>G]C,0.000470142408173422
T[T>G]G,0.00197909573975784
T[T>G]T,0.000133312428745139