substitution,"Cyclophosphamide 18.75 µM + rat S9"
A[C>A]A,0.00555898815479868
A[C>A]C,0.0124955118005472
A[C>A]G,0.00133233453808454
A[C>A]T,0.00432726218922067
C[C>A]A,0.00657783221333392
C[C>A]C,0.0204669185526217
C[C>A]G,0.00107224679720264
C[C>A]T,0.0206985734360561
G[C>A]A,0.244203797973612
G[C>A]C,0.00514397779320929
G[C>A]G,0.000406079528160376
G[C>A]T,0.0135958269313839
T[C>A]A,0.023225999296469
T[C>A]C,0.00541864648662835
T[C>A]G,0.0106574004713293
T[C>A]T,0.0926916620645535
A[C>G]A,0.00185870692467662
A[C>G]C,0.00766958103455504
A[C>G]G,0.00214030157055085
A[C>G]T,0
C[C>G]A,0.00903381140631465
C[C>G]C,0
C[C>G]G,0.0140077388405591
C[C>G]T,0.000212881907042782
G[C>G]A,0
G[C>G]C,0.00849322259099881
G[C>G]G,0.00371522670647267
G[C>G]T,0.00100335179646448
T[C>G]A,0.0123509781085224
T[C>G]C,0.000396419647104496
T[C>G]G,0
T[C>G]T,0.0221943969044638
A[C>T]A,0.0041145625440846
A[C>T]C,0.000165311549390243
A[C>T]G,0.00993491427311218
A[C>T]T,0
C[C>T]A,0.00568001006085725
C[C>T]C,0.0225939150039824
C[C>T]G,0.0012018350128768
C[C>T]T,0.059460030875167
G[C>T]A,0.0316235343864426
G[C>T]C,0.00516840088870906
G[C>T]G,0.00281175443488785
G[C>T]T,0.0149097530168902
T[C>T]A,0.00690900209783455
T[C>T]C,0.0278837023225635
T[C>T]G,0.000474974528898537
T[C>T]T,0.0429691558175267
A[T>A]A,0.000384754885074755
A[T>A]C,0
A[T>A]G,0.000326795598739477
A[T>A]T,0.00837584592307454
C[T>A]A,0.00305999515183328
C[T>A]C,0.0122824476315977
C[T>A]G,0.0065082081649689
C[T>A]T,0.000739983341261726
G[T>A]A,0.00263459586156115
G[T>A]C,0.00430502623660147
G[T>A]G,0.00229194347693749
G[T>A]T,0.0152897690923904
T[T>A]A,0.00522490207979062
T[T>A]C,0.00102048441569567
T[T>A]G,0.000874492628417183
T[T>A]T,0.00861442675896409
A[T>C]A,0.0140582253887191
A[T>C]C,0
A[T>C]G,0.0000362701194362275
A[T>C]T,0.00511864338817594
C[T>C]A,0
C[T>C]C,0.00112546727396334
C[T>C]G,0.00678287685838797
C[T>C]T,0.000366710956309998
G[T>C]A,0.00113458036929908
G[T>C]C,0
G[T>C]G,0.00595085125423531
G[T>C]T,0.00372816730184941
T[T>C]A,0.0206438948640417
T[T>C]C,0.023164030248186
T[T>C]G,0.0156541106439131
T[T>C]T,0.00773537758287905
A[T>G]A,0
A[T>G]C,0
A[T>G]G,0.00246873752645076
A[T>G]T,0
C[T>G]A,0
C[T>G]C,0.00420295956884123
C[T>G]G,0.00211296228454364
C[T>G]T,0.000836946675633953
G[T>G]A,0
G[T>G]C,0.00401413623348479
G[T>G]G,0
G[T>G]T,0
T[T>G]A,0.00406589861499177
T[T>G]C,0.0140496590791035
T[T>G]G,0
T[T>G]T,0.00396529004248525