substitution,"Formaldehyde 120 µM "
A[C>A]A,0.0181865586268237
A[C>A]C,0.0000874213955910533
A[C>A]G,0.00844018503225952
A[C>A]T,0.00142731253114708
C[C>A]A,0.00646541953459313
C[C>A]C,0.0705849928429079
C[C>A]G,0.00519378894079998
C[C>A]T,0.0134004510670286
G[C>A]A,0.000232154273614598
G[C>A]C,0.0221126517920274
G[C>A]G,0.000443950140036758
G[C>A]T,0.00776664680438872
T[C>A]A,0.111253905093212
T[C>A]C,0.00676703190333486
T[C>A]G,0.0116595506334972
T[C>A]T,0.00187211806644402
A[C>G]A,0
A[C>G]C,0.00233232071642432
A[C>G]G,0.00972054065770657
A[C>G]T,0.0022835631865937
C[C>G]A,0.00635644217844537
C[C>G]C,0
C[C>G]G,0.0125178542375682
C[C>G]T,0.017618747253112
G[C>G]A,0.00947606869234529
G[C>G]C,0.00116231107954132
G[C>G]G,0
G[C>G]T,0.00396219084518355
T[C>G]A,0.0291518704671536
T[C>G]C,0.0075274782896406
T[C>G]G,0.00179547465113132
T[C>G]T,0.00905709609390598
A[C>T]A,0.0193524623664578
A[C>T]C,0.0297805859833906
A[C>T]G,0.00754698130157285
A[C>T]T,0.0097894855156776
C[C>T]A,0.00283580636657006
C[C>T]C,0.0462685007025361
C[C>T]G,0.000215559605566981
C[C>T]T,0.0191872000021898
G[C>T]A,0.000131046553860561
G[C>T]C,0.00416149794080699
G[C>T]G,0.000951712766483424
G[C>T]T,0.00277216495921219
T[C>T]A,0.0151095307968811
T[C>T]C,0.0000653521978782434
T[C>T]G,0.0129828471010056
T[C>T]T,0
A[T>A]A,0.0354024147123879
A[T>A]C,0.00408468344644225
A[T>A]G,0.00783559166235975
A[T>A]T,0.0138616801913211
C[T>A]A,0.00889422883636648
C[T>A]C,0.00106103228073525
C[T>A]G,0.034049521568877
C[T>A]T,0.0271451131867562
G[T>A]A,0.00574688751603652
G[T>A]C,0
G[T>A]G,0.00894024910136451
G[T>A]T,0.0084318021587097
T[T>A]A,0.000743509560154046
T[T>A]C,0.000419485835595426
T[T>A]G,0.00117462877128801
T[T>A]T,0.0171345935358465
A[T>C]A,0.0801315461046925
A[T>C]C,0.000219494423763838
A[T>C]G,0.0287472685090854
A[T>C]T,0
C[T>C]A,0.00184063952086916
C[T>C]C,0.00400855326828566
C[T>C]G,0
C[T>C]T,0.00222419875553676
G[T>C]A,0.00016577560142413
G[T>C]C,0.000553611812392659
G[T>C]G,0.000241221463372574
G[T>C]T,0
T[T>C]A,0.0487097987751082
T[T>C]C,0.0203647371173625
T[T>C]G,0.0208037259648901
T[T>C]T,0.00109747211881919
A[T>G]A,0.000949659817858976
A[T>G]C,0.00140626980774649
A[T>G]G,0.00382361681303335
A[T>G]T,0.0179066732976907
C[T>G]A,0.00138146334520109
C[T>G]C,0
C[T>G]G,0.00820238514992769
C[T>G]T,0.00070039763904065
G[T>G]A,0.00237509047943365
G[T>G]C,0
G[T>G]G,0.00125623347910979
G[T>G]T,0.000153971146833558
T[T>G]A,0
T[T>G]C,0
T[T>G]G,0.00743150294144768
T[T>G]T,0.000372439096285172