substitution,"Furan 100 mM + rat S9"
A[C>A]A,0.0503953181060661
A[C>A]C,0.0233487701119295
A[C>A]G,0.00321487374124905
A[C>A]T,0.0375566274248922
C[C>A]A,0.0757668764962257
C[C>A]C,0.0480064968107033
C[C>A]G,0.0000987591590859528
C[C>A]T,0.0848709534750129
G[C>A]A,0.0180389049897729
G[C>A]C,0.116101487702098
G[C>A]G,0.000756541662291648
G[C>A]T,0.0402682822539214
T[C>A]A,0
T[C>A]C,0.0146064429153704
T[C>A]G,0
T[C>A]T,0.000147588036998338
A[C>G]A,0.00775657127780156
A[C>G]C,0.00890790482015676
A[C>G]G,0.000683604290773398
A[C>G]T,0.00144161449074662
C[C>G]A,0.0117250496059791
C[C>G]C,0.0118080219849881
C[C>G]G,0.00814916035134275
C[C>G]T,0.0229255865033555
G[C>G]A,0.0062095892084019
G[C>G]C,0.0378756672362145
G[C>G]G,0.00153254144886417
G[C>G]T,0.0236171453732374
T[C>G]A,0.0211151242982532
T[C>G]C,0.00713403367895368
T[C>G]G,0.00446325314872836
T[C>G]T,0.0022983838498058
A[C>T]A,0.0184264765595687
A[C>T]C,0.00786181647831447
A[C>T]G,0
A[C>T]T,0.0160618861359518
C[C>T]A,0.0162146140548357
C[C>T]C,0.00230597129449394
C[C>T]G,0.000650195058517555
C[C>T]T,0.028174752068007
G[C>T]A,0.0213322231188461
G[C>T]C,0.0344808976289725
G[C>T]G,0.000177448303190374
G[C>T]T,0.0536940208733051
T[C>T]A,0.00342010188224922
T[C>T]C,0.000472134864626525
T[C>T]G,0.000833027999873706
T[C>T]T,0.000341802145386699
A[T>A]A,0.00456727456783996
A[T>A]C,0.000743691957577862
A[T>A]G,0.00166997210023161
A[T>A]T,0.000629635530975498
C[T>A]A,0.0000790562785248147
C[T>A]C,0.00619441431902562
C[T>A]G,0.0101245882893421
C[T>A]T,0
G[T>A]A,0
G[T>A]C,0.00166189514298295
G[T>A]G,0.00253077993791512
G[T>A]T,0.000182955319496282
T[T>A]A,0
T[T>A]C,0
T[T>A]G,0.000626576077472216
T[T>A]T,0.0000274127033894095
A[T>C]A,0.00550542539008644
A[T>C]C,0.000133636929023371
A[T>C]G,0.00190089965065936
A[T>C]T,0.000298113149359828
C[T>C]A,0.000880633096384778
C[T>C]C,0.0074125663258925
C[T>C]G,0.000481313225136372
C[T>C]T,0.00314181399159066
G[T>C]A,0.00174866124433603
G[T>C]C,0.00499682183970079
G[T>C]G,0.00072264291747528
G[T>C]T,0.0000283917285104598
T[T>C]A,0.000334704213259084
T[T>C]C,0.00328144744948047
T[T>C]G,0.00188388908918111
T[T>C]T,0.00012311240897208
A[T>G]A,0
A[T>G]C,0
A[T>G]G,0
A[T>G]T,0.00399160779666236
C[T>G]A,0
C[T>G]C,0.00163374817075275
C[T>G]G,0.00153058339862207
C[T>G]T,0.000144773339775319
G[T>G]A,0
G[T>G]C,0
G[T>G]G,0
G[T>G]T,0.000265805320365167
T[T>G]A,0.0187490653369547
T[T>G]C,0.00394424745643155
T[T>G]G,0
T[T>G]T,0.0125593013872541