substitution,"N-Nitrosopyrrolidine 50 mM "
A[C>A]A,0.00685630323850839
A[C>A]C,0.0000681263251724401
A[C>A]G,0.000208371727175778
A[C>A]T,0
C[C>A]A,0.000156465955615824
C[C>A]C,0.0090345988151759
C[C>A]G,0
C[C>A]T,0.0054547226329003
G[C>A]A,0.00388220234691447
G[C>A]C,0.00106743720119089
G[C>A]G,0.000266017079244766
G[C>A]T,0.00383528751492759
T[C>A]A,0.0191926581282504
T[C>A]C,0.0000598912748768704
T[C>A]G,0.00208459068618307
T[C>A]T,0
A[C>G]A,0.000285107423111768
A[C>G]C,0.00473103639480478
A[C>G]G,0.000866052789417411
A[C>G]T,0.00685243526033926
C[C>G]A,0.00340818786096191
C[C>G]C,0.000371949771683231
C[C>G]G,0
C[C>G]T,0.00366110372382736
G[C>G]A,0.0000850955197208867
G[C>G]C,0
G[C>G]G,0
G[C>G]T,0.000530287329638957
T[C>G]A,0.0000904607797619397
T[C>G]C,0
T[C>G]G,0.00141780115922058
T[C>G]T,0.00750425196858253
A[C>T]A,0.1004120894032
A[C>T]C,0.0525594598705375
A[C>T]G,0.0000821009559770432
A[C>T]T,0.0605948725831843
C[C>T]A,0.0667943681738764
C[C>T]C,0.0336360629322544
C[C>T]G,0.0250862091231131
C[C>T]T,0.0960194387114492
G[C>T]A,0.0439252591826114
G[C>T]C,0.00988355763655554
G[C>T]G,0.00791026490285199
G[C>T]T,0.00891257034261428
T[C>T]A,0.0357539681400877
T[C>T]C,0.0392714575776999
T[C>T]G,0.00997077430559498
T[C>T]T,0.0895655299760198
A[T>A]A,0.0122829518363102
A[T>A]C,0.0042280744593284
A[T>A]G,0.00329576694707845
A[T>A]T,0.0084240821318998
C[T>A]A,0.00349864864072385
C[T>A]C,0.0244556039080554
C[T>A]G,0.0152072681056627
C[T>A]T,0.00974480951642412
G[T>A]A,0
G[T>A]C,0.00995879605061961
G[T>A]G,0
G[T>A]T,0.010951993025661
T[T>A]A,0.0229566999807724
T[T>A]C,0.00812088255283565
T[T>A]G,0.00337811745003414
T[T>A]T,0.00708775806120963
A[T>C]A,0
A[T>C]C,0.00563813966221071
A[T>C]G,0.00537848603092162
A[T>C]T,0.00309201183900776
C[T>C]A,0.000292593832471377
C[T>C]C,0.00129065697359656
C[T>C]G,0.0000797302596798337
C[T>C]T,0.000544137186954233
G[T>C]A,0.00705020124092226
G[T>C]C,0.00307940971658575
G[T>C]G,0.00524797296108577
G[T>C]T,0.00307254717467278
T[T>C]A,0.0169003195823382
T[T>C]C,0.00490160175471454
T[T>C]G,0.000098945377036163
T[T>C]T,0.00566159707820415
A[T>G]A,0
A[T>G]C,0.000916710826084097
A[T>G]G,0.000873414425287693
A[T>G]T,0.0027985445921111
C[T>G]A,0.000726181707882054
C[T>G]C,0.014448770064045
C[T>G]G,0
C[T>G]T,0.0000942039844417441
G[T>G]A,0
G[T>G]C,0
G[T>G]G,0
G[T>G]T,0.000706717043547071
T[T>G]A,0.00512307469826963
T[T>G]C,0
T[T>G]G,0.00348330150153665
T[T>G]T,0.00256085109494352