substitution,"Ochratoxin A 0.08 µM + rat S9"
A[C>A]A,0.11584205195812
A[C>A]C,0.0110461199035397
A[C>A]G,0
A[C>A]T,0.0000551309858983182
C[C>A]A,0.0191168840447664
C[C>A]C,0.00852022766177466
C[C>A]G,0.000303306296250561
C[C>A]T,0.00136247386645283
G[C>A]A,0.239222793931882
G[C>A]C,0.00647213729779509
G[C>A]G,0.0000285101048570742
G[C>A]T,0.00465144078219362
T[C>A]A,0.0639742708325998
T[C>A]C,0.0160910344822848
T[C>A]G,0.00337638645412784
T[C>A]T,0.0950200575457574
A[C>G]A,0.00270588374712774
A[C>G]C,0
A[C>G]G,0.00659476509820443
A[C>G]T,0.0296968809086548
C[C>G]A,0
C[C>G]C,0.00112632088947405
C[C>G]G,0.00186346167288708
C[C>G]T,0
G[C>G]A,0.00917956677349941
G[C>G]C,0
G[C>G]G,0.00895784059656879
G[C>G]T,0.00329927177291804
T[C>G]A,0.000188063643484917
T[C>G]C,0.000437956430033369
T[C>G]G,0
T[C>G]T,0.0000376127286969834
A[C>T]A,0.0158694800529738
A[C>T]C,0.021239684623281
A[C>T]G,0.0116255963721407
A[C>T]T,0.000217775981679338
C[C>T]A,0.0105291595684807
C[C>T]C,0.0384359150378266
C[C>T]G,0.00652452032177947
C[C>T]T,0.00447780393875686
G[C>T]A,0.0253789740037651
G[C>T]C,0.0357664417860585
G[C>T]G,0.0182708552705137
G[C>T]T,0.000101159347956727
T[C>T]A,0.00647935069781917
T[C>T]C,0.00441649003855219
T[C>T]G,0.00493482435456815
T[C>T]T,0.00782361931659218
A[T>A]A,0.000252640748462387
A[T>A]C,0
A[T>A]G,0.00560738803300371
A[T>A]T,0.00597509968661212
C[T>A]A,0.00073027087862819
C[T>A]C,0.00550382421837229
C[T>A]G,0.00197252141134637
C[T>A]T,0.000921425979266284
G[T>A]A,0
G[T>A]C,0.00398368603710745
G[T>A]G,0.00216659622151802
G[T>A]T,0.0082349548655843
T[T>A]A,0.00339201548751335
T[T>A]C,0.000920051998309316
T[T>A]G,0.000879004317219914
T[T>A]T,0.00169755347233326
A[T>C]A,0.000831258478965296
A[T>C]C,0.00501949593104127
A[T>C]G,0
A[T>C]T,0.00266517956127758
C[T>C]A,0.00939304906468823
C[T>C]C,0.00103615338917306
C[T>C]G,0
C[T>C]T,0.000358265534529258
G[T>C]A,0.0136863960599722
G[T>C]C,0.000911292869708649
G[T>C]G,0.00109489107508342
G[T>C]T,0.000104250805109904
T[T>C]A,0.00777140804022741
T[T>C]C,0.000692314654691965
T[T>C]G,0.00817518669395622
T[T>C]T,0.00101399794624196
A[T>G]A,0
A[T>G]C,0
A[T>G]G,0.00703735871396756
A[T>G]T,0
C[T>G]A,0
C[T>G]C,0.00324603001083556
C[T>G]G,0
C[T>G]T,0.00101657416053628
G[T>G]A,0
G[T>G]C,0.0102342689055915
G[T>G]G,0.00207608522597779
G[T>G]T,0.00543649915148089
T[T>G]A,0
T[T>G]C,0.00184714564902309
T[T>G]G,0.00528570474145371
T[T>G]T,0.00756805885859623