substitution,"Semustine 150 µM "
A[C>A]A,0.000122421190463747
A[C>A]C,0.000127289401546516
A[C>A]G,0.0192738204073977
A[C>A]T,0.000152919101070505
C[C>A]A,0.0135301904258038
C[C>A]C,0.0194241622202479
C[C>A]G,0.00932820834797973
C[C>A]T,0.0420786688592708
G[C>A]A,0
G[C>A]C,0.0028911446524491
G[C>A]G,0.00390530756713299
G[C>A]T,0
T[C>A]A,0
T[C>A]C,0.000618549172869459
T[C>A]G,0.000976649052810783
T[C>A]T,0
A[C>G]A,0.00254149255056317
A[C>G]C,0.00167896009283965
A[C>G]G,0.00108847472503556
A[C>G]T,0.00848443282119275
C[C>G]A,0.000653628929201177
C[C>G]C,0.00199023923677905
C[C>G]G,0.000269899349735864
C[C>G]T,0.00011039384543573
G[C>G]A,0.00358758520264287
G[C>G]C,0
G[C>G]G,0.0102328365133013
G[C>G]T,0
T[C>G]A,0.0071483952443305
T[C>G]C,0.000141750852115918
T[C>G]G,0.00222921112787144
T[C>G]T,0.000039518419377771
A[C>T]A,0.12625204303785
A[C>T]C,0.00284890576217214
A[C>T]G,0.007197363720516
A[C>T]T,0.0269270777775471
C[C>T]A,0.168519140302559
C[C>T]C,0.0460585746021132
C[C>T]G,0.015538327497446
C[C>T]T,0.0861006130366397
G[C>T]A,0.0195142241252791
G[C>T]C,0.0230754637150035
G[C>T]G,0.000564426120243382
G[C>T]T,0.0162251748081531
T[C>T]A,0.0190601918504715
T[C>T]C,0.00281296690976699
T[C>T]G,0.00675822244431447
T[C>T]T,0.0170255659832319
A[T>A]A,0.0000284933531020885
A[T>A]C,0
A[T>A]G,0.00234175271349074
A[T>A]T,0.00951162535965699
C[T>A]A,0.000205610326907533
C[T>A]C,0.00444811310286172
C[T>A]G,0.0106068296706011
C[T>A]T,0.0135400700306483
G[T>A]A,0.0142594198094668
G[T>A]C,0.00206541014320416
G[T>A]G,0.0137160415430225
G[T>A]T,0.000620553730374129
T[T>A]A,0.00844792123807199
T[T>A]C,0.00168168056373884
T[T>A]G,0.00940309288904703
T[T>A]T,0.00419654113602569
A[T>C]A,0.036389161930303
A[T>C]C,0.0018965977647752
A[T>C]G,0.000478230147542591
A[T>C]T,0.0269275073255838
C[T>C]A,0.00266305464495349
C[T>C]C,0.00172921721313529
C[T>C]G,0.0122355326431451
C[T>C]T,0.000295099501223138
G[T>C]A,0.00800749131776031
G[T>C]C,0
G[T>C]G,0.000148909986061166
G[T>C]T,0.00281482828459276
T[T>C]A,0.0222885317117418
T[T>C]C,0
T[T>C]G,0.00794076818939059
T[T>C]T,0.00141450168490217
A[T>G]A,0
A[T>G]C,0
A[T>G]G,0.0105883591050223
A[T>G]T,0.000635444728980246
C[T>G]A,0.00112541585619304
C[T>G]C,0.0068140636890874
C[T>G]G,0.000471786926991868
C[T>G]T,0
G[T>G]A,0.00181126088814784
G[T>G]C,0
G[T>G]G,0
G[T>G]T,0.000760872755700997
T[T>G]A,0.0165138310888255
T[T>G]C,0.000785356993793747
T[T>G]G,0.00215346749073071
T[T>G]T,0.000933121518423673