Mutation Types	sars-cov-2_ff_m
A[C>A]A	88.2093023255814
A[C>A]C	77.825
A[C>A]G	84.4545454545455
A[C>A]T	89.5348837209302
A[C>G]A	3.86046511627907
A[C>G]C	0.175
A[C>G]G	0.515151515151515
A[C>G]T	9.88372093023256
A[C>T]A	40.0
A[C>T]C	74.075
A[C>T]G	37.0909090909091
A[C>T]T	27.1627906976744
A[T>A]A	4.625
A[T>A]C	8.73214285714286
A[T>A]G	1.12676056338028
A[T>A]T	6.875
A[T>C]A	51.375
A[T>C]C	26.0267857142857
A[T>C]G	15.6760563380282
A[T>C]T	17.765625
A[T>G]A	7.40625
A[T>G]C	1.625
A[T>G]G	2.64788732394366
A[T>G]T	3.734375
C[C>A]A	81.40653153153153
C[C>A]C	65.36428571428571
C[C>A]G	186.6759259259259
C[C>A]T	36.6623376623377
C[C>G]A	3.87612612612613
C[C>G]C	8.264285714285709
C[C>G]G	4.89351851851852
C[C>G]T	6.27922077922078
C[C>T]A	195.530405405405
C[C>T]C	269.357142857143
C[C>T]G	405.384259259259
C[C>T]T	380.48701298701303
C[T>A]A	5.317978620019437
C[T>A]C	12.91187270501836
C[T>A]G	8.011572345826492
C[T>A]T	7.722171281863201
C[T>C]A	75.2890184645286
C[T>C]C	68.6615667074663
C[T>C]G	46.5803344781246
C[T>C]T	49.792866312121795
C[T>G]A	12.61516034985423
C[T>G]C	35.30518155854749
C[T>G]G	9.52635508436613
C[T>G]T	23.407023656702698
G[C>A]A	133.28412698412697
G[C>A]C	155.44444444444434
G[C>A]G	154.52380952380952
G[C>A]T	128.95964912280667
G[C>G]A	11.296825396825364
G[C>G]C	3.31111111111111
G[C>G]G	6.708994708994707
G[C>G]T	13.903508771929857
G[C>T]A	208.4619047619048
G[C>T]C	264.2777777777773
G[C>T]G	262.33333333333303
G[C>T]T	172.9649122807014
G[T>A]A	6.84772704262428
G[T>A]C	12.6
G[T>A]G	4.89931877916644
G[T>A]T	8.767383246849521
G[T>C]A	63.02920927407099
G[T>C]C	51.812882447665004
G[T>C]G	33.3127715496433
G[T>C]T	34.03800345935259
G[T>G]A	6.504809152576693
G[T>G]C	44.00096618357483
G[T>G]G	3.9145523789089705
G[T>G]T	8.86394860390413
T[C>A]A	2.67058823529412
T[C>A]C	6.4
T[C>A]G	7.84
T[C>A]T	3.90322580645161
T[C>G]A	4.8
T[C>G]C	0.533333333333333
T[C>G]G	0.56
T[C>G]T	3.17741935483871
T[C>T]A	114.905882352941
T[C>T]C	117.133333333333
T[C>T]G	248.6
T[C>T]T	126.435483870968
T[T>A]A	2.13432835820896
T[T>A]C	0.789473684210526
T[T>A]G	4.64
T[T>A]T	1.21192052980132
T[T>C]A	50.18407960199
T[T>C]C	43.8026315789474
T[T>C]G	28.48
T[T>C]T	50.3443708609271
T[T>G]A	14.8009950248756
T[T>G]C	33.3815789473684
T[T>G]G	11.08
T[T>G]T	21.3576158940397
